"legacy_id","destination_uuid","program_source_id","branch_legacy_key","study_mode","gender","price","source_index"
"off-1","5d896f69-d94f-4b48-b1af-43fe5dcc0ecd","law","الرياض::حي الحمراء","onsite","female","13000","0"
"off-2","30373575-c88b-4e94-8fa5-ff1cfbe5d1db","hospital","الرياض::حي الحمراء","onsite","female","16000","1"
"off-3","ae6ed39a-3e20-4692-bde6-7c9184fc19f5","cyber","الرياض::حي الحمراء","onsite","both","13000","2"
"off-4","88aa031f-f04d-4679-84e8-e4d1a7f02aa1","law","الرياض::حي ظهرة لبن","onsite","male","13000","3"
"off-5","0f59b0f8-2e1d-4501-8683-2e0837f28b02","hospital","الرياض::حي ظهرة لبن","onsite","male","16000","4"
"off-6","8663672a-0864-4c52-baa3-e99eaf1929b2","hr","الرياض::حي ظهرة لبن","onsite","male","8999","5"
"off-7","87999635-32a4-4614-a473-7a68c0984945","office-diploma","الرياض::حي ظهرة لبن","onsite","male","8999","6"
"off-8","f89ab9b8-21c5-4013-91fc-9a3c4585fc95","nursing","الرياض::حي الأندلس","onsite","both","20000","7"
"off-9","559ee07e-5a0a-4f75-a611-427667ab12df","hospital","الرياض::حي الأندلس","onsite","male","16000","8"
"off-10","9147fcb8-f84e-4dee-b984-515301896267","safety","الرياض::حي الأندلس","onsite","male","13000","9"
"off-11","67ea89b1-0d9d-4e44-bb58-1a0b3a215620","cx","الرياض::حي الأندلس","onsite","both","10500","10"
"off-12","50bb8c14-45fd-42c4-92aa-c2e4bdb7323e","hr","الرياض::حي الأندلس","online","male","7999","11"
"off-13","2c0b2267-4641-42cd-a883-7fe7c4cc9d97","law","الدمام::حي الزهور 1","onsite","male","13000","12"
"off-14","a5481f41-5613-4e9b-964f-8bb7909aac2f","hospital","الدمام::حي الزهور 1","onsite","male","16000","13"
"off-15","a9ef0766-a7db-4db2-bf08-0de0ee630370","cyber","الدمام::حي الزهور 1","onsite","male","13000","14"
"off-16","9859d378-4ce0-44d1-9ba4-685a64d94f7e","nursing","الدمام::حي الزهور 1","onsite","male","20000","15"
"off-17","ff13af6a-9f21-4c79-bd83-ea6ca8713dc1","safety","الدمام::حي الزهور 1","onsite","male","13000","16"
"off-18","70a0ed49-5d41-4ee6-8bdc-7ff23eae8e61","business","الدمام::حي الزهور 1","onsite","male","8999","17"
"off-19","9bae2ce3-a01d-4e5b-98f1-14561eff7cdd","ai","الدمام::حي الزهور 1","onsite","male","14000","18"
"off-20","efd0641e-0aab-4410-9569-6836bb718b1a","hospital","الدمام::حي الزهور 2","onsite","female","16000","19"
"off-21","70a90ec9-7270-41a6-b0ba-19adaaa1741c","nursing","الدمام::حي الزهور 2","onsite","female","20000","20"
"off-22","05f75b3e-662f-4b16-a516-606d4c6a2a17","cyber","الدمام::حي الزهور 2","onsite","female","13000","21"
"off-23","53590778-e1a8-4c3d-b815-bf4f8e7d07be","law","الدمام::حي الزهور 2","onsite","female","13000","22"
"off-24","99500912-25e4-4750-9f9a-22c6652ef1bb","hr","الدمام::حي الشاطئ الغربي","onsite","male","8999","23"
"off-25","88cd6ecc-0b06-48b4-8599-6c75a20f89a8","office-diploma","الدمام::حي الشاطئ الغربي","onsite","male","8999","24"
"off-26","bf294ced-a6fd-407a-b070-04dfcb21c9b2","law","الدمام::فرع الدمام","online","both","7999","25"
"off-27","022f3b0c-7259-4aa8-9669-dc404f92f310","hr","حفر الباطن::حي الواحة","onsite","male","6250","26"
"off-28","96b3bce3-58aa-40a0-b32d-aa192d9eb31c","office-diploma","حفر الباطن::حي الواحة","onsite","male","6250","27"
"off-29","9c02276e-cae3-485e-8bfb-9a03d5be16c5","hr","حفر الباطن::حي المصيف","online","both","7999","28"
"off-30","c7b8ea54-c30c-4c50-b855-d2a3aa12b792","nursing","خميس مشيط::حي الظرفة","onsite","both","20000","29"
"off-31","143ef0fa-0518-4ff7-a292-167956ce0a4e","hospital","خميس مشيط::حي الظرفة","onsite","female","16000","30"
"off-32","272813aa-9ee1-4a97-9880-ed09c46458a2","office-diploma","خميس مشيط::حي الظرفة","online","both","7999","31"
"off-33","737023d2-a79a-4b65-a5b4-a6c1695fc9a6","law","خميس مشيط::سكوير","onsite","male","13000","32"
"off-34","4932a740-e722-42e4-87af-96689d08461b","hospital","خميس مشيط::سكوير","onsite","male","16000","33"
"off-35","f79de297-fb32-4919-a3ea-61f914202c5a","hr","خميس مشيط::سكوير","onsite","male","8999","34"
"off-36","565d4493-f1b8-46e4-ac81-a1e03008d61d","office-diploma","خميس مشيط::سكوير","onsite","male","8999","35"
"off-37","26378f2a-af4c-4579-a85e-e5a1d0445cef","law","المدينة المنورة::فرع المدينة المنورة","onsite","female","13000","36"
"off-38","ea1b5c69-18c4-48c2-ac27-710a7413d45c","hospital","المدينة المنورة::فرع المدينة المنورة","onsite","both","16000","37"
"off-39","cba0f754-90a0-4e45-aca6-22d946535f2e","nursing","المدينة المنورة::فرع المدينة المنورة","onsite","both","20000","38"
"off-40","fc5169da-c07a-4eb8-90b9-c0471da0cc27","hr","المدينة المنورة::فرع المدينة المنورة","onsite","male","8999","39"
"off-41","fb506540-1718-458f-a577-0a62a3f626ed","office-diploma","المدينة المنورة::فرع المدينة المنورة","onsite","male","8999","40"
"off-42","eef402e9-7e4c-41d6-a057-389467ac9972","q-office-3","سكاكا / الجوف::فرع سكاكا","onsite","both","600","41"
"off-43","948c6515-e1fb-4ff5-b876-cc841e23c39d","q-office-6","سكاكا / الجوف::فرع سكاكا","onsite","both","1000","42"
"off-44","fa4409c0-4795-49d2-85db-a1d0ff1c1135","q-data","سكاكا / الجوف::فرع سكاكا","onsite","both","1000","43"
"off-45","f777ae5f-ad37-49ca-80a9-71f577422cd9","q-computer","سكاكا / الجوف::فرع سكاكا","onsite","both","600","44"
"off-46","5de43c89-a608-45d0-ae73-511c9c71f007","q-office-11","حفر الباطن::حي الواحة","onsite","male","2200","45"
"off-47","41758650-7bf7-434a-9861-152c87ef49f3","q-archive-3","الدمام::فرع الدمام","onsite","both","600","46"
"off-48","7fc654a0-1d43-46dc-bfdc-0e346c8429fd","q-archive-6","خميس مشيط::حي الظرفة","onsite","both","1500","47"
"off-49","356e7943-e75c-4c8d-b44b-e33973f9247a","english-1","حفر الباطن::حي المصيف","onsite","both","300","48"
"off-50","44640656-6eb0-4373-a74f-3ce4e5a5feca","english-2","حفر الباطن::حي المصيف","onsite","both","300","49"
"off-51","a6e880c2-ddb1-45e8-b2a7-22da9b42abe5","english-3","حفر الباطن::حي المصيف","onsite","both","350","50"
"off-52","856ce665-ef78-43ca-af51-30d178b9caeb","english-4","حفر الباطن::حي المصيف","onsite","both","350","51"
"off-53","8477469f-b8d1-40c0-83e8-8ce58be9e6d5","d-computer-intro","المدينة المنورة::فرع المدينة المنورة","onsite","both","250","52"
"off-54","9b084290-a8fd-4d71-80af-5705f6901dc0","d-typing-skills","المدينة المنورة::فرع المدينة المنورة","onsite","both","300","53"
"off-55","fd74d5ba-bfef-4264-bda0-ff8f05eaa52c","d-priorities","المدينة المنورة::فرع المدينة المنورة","onsite","both","100","54"
"off-56","2ab90456-257d-452d-a1f5-9785c6aac949","d-success-strategies","المدينة المنورة::فرع المدينة المنورة","onsite","both","150","55"
"off-57","4803aca4-baee-496a-bf22-36a32b35c5b5","d-office-basics","المدينة المنورة::فرع المدينة المنورة","onsite","both","300","56"
"off-58","72fd2adf-0f9e-4059-9673-5dbb65a002fb","d-personal-governance","المدينة المنورة::فرع المدينة المنورة","onsite","both","250","57"
"off-59","0db02147-8525-4355-aa98-2d12f96cb698","d-program-project-management","المدينة المنورة::فرع المدينة المنورة","onsite","both","250","58"
"off-60","4b92c63d-f2c5-4595-9bba-bd49d7ac0c7f","d-financial-resources","المدينة المنورة::فرع المدينة المنورة","onsite","both","250","59"
"off-61","566c5f77-a67b-40aa-98ec-ad65ee017ab0","d-hr-basics","المدينة المنورة::فرع المدينة المنورة","onsite","both","250","60"
"off-62","58e8b10a-94d9-4199-b945-8373c3b87e1f","d-osha","حفر الباطن::حي الواحة","onsite","male","300","61"
"off-63","07d457db-26d2-464a-8aa7-9cbea351e648","d-electronic-archiving","الدمام::حي الشاطئ","onsite","both","300","62"
"off-64","4de8226a-ab36-4e00-9a70-29b89f9dba45","d-computer-skills-1","الدمام::حي الشاطئ","onsite","both","250","63"
"off-65","9ebe1842-2d2e-49f7-b974-f3aadb13b514","d-computer-skills-2","الدمام::حي الشاطئ","onsite","both","250","64"
"off-66","3aff38da-e880-49d8-a74d-98f44a51f7a6","d-computer-skills-3","الدمام::حي الشاطئ","onsite","both","250","65"
"off-67","81111ddc-5ca2-4a70-8508-c55951a6688f","d-computer-apps","الدمام::حي الشاطئ","onsite","both","250","66"
"off-68","4a604511-8917-4203-9374-7cf89afb97cf","d-computer-apps-basic","الدمام::حي الشاطئ","onsite","both","250","67"
"off-69","37d5f378-ff50-485e-8ac8-a9fe106d371d","d-computer-apps-advanced","الدمام::حي الشاطئ","onsite","both","250","68"
"off-70","3f351982-35db-42f1-8430-0aba5ee73531","d-warehouses","الدمام::حي الزهور","onsite","both","300","69"
"off-71","6a91b2b0-34ec-400f-a402-83225760e147","d-cyber-skills","الدمام::حي الزهور","onsite","both","300","70"
"off-72","dd27dcbe-31bc-495a-af63-92e1559e4f27","d-ai-applications","الدمام::حي الزهور","onsite","both","250","71"
"off-73","975d8020-2dcd-482a-a589-d34d5ab3cd2a","d-web-stores","الدمام::حي الزهور","onsite","both","250","72"
"off-74","aac96153-92cc-42bb-b6f7-6ac09ed8cb79","d-insurance-basics","الدمام::حي الزهور","onsite","both","250","73"
"off-75","9380147b-d7c8-42cc-9328-9dc00d16a261","d-nebosh-250","الدمام::حي الزهور","onsite","both","250","74"
"off-76","9a5763be-e1a4-490b-bd43-cae799b0ea9e","d-autocad","الدمام::حي الزهور","onsite","both","250","75"
"off-77","65d5df45-5526-40fe-85d9-8977b78b7a4c","d-leadership","الدمام::حي الزهور","onsite","both","250","76"
"off-78","a77d8a21-c383-44f8-8c18-a2bba22f913d","d-customer-service","الدمام::حي الزهور","onsite","both","250","77"
"off-79","98f15023-8068-40db-9bc2-1891131c45ce","d-marketing","الدمام::حي الزهور","onsite","both","250","78"
"off-80","f530c5b5-702e-43fa-8df4-16ff60ec1f34","d-tot","الدمام::حي الزهور","onsite","both","250","79"
"off-81","3e52a573-45fc-4826-b0a2-486cdbf2033b","d-financial-accounting","الدمام::حي الزهور","onsite","both","250","80"
"off-82","e82a1265-3fd3-4107-a52e-e26df5444684","d-cash-operations","الدمام::حي الزهور","onsite","both","250","81"
"off-83","d951f630-4d63-49f3-8a0b-3d19f11360cd","d-nebosh-300","الدمام::حي الزهور","onsite","both","300","82"
